{
    "code": 0,
    "data": {
      "content": [
        {
          "createTm": "2018-08-02T08:49:23.123Z",
          "doneTm": "2018-08-02T08:49:23.123Z",
          "downloadTm": "2018-08-02T08:49:23.123Z",
          "id": 0,
          "path": "string",
          "state": "string",
          "uid": "string"
        },
        {
            "createTm": "2018-08-02T08:49:23.123Z",
            "doneTm": "2018-08-02T08:49:23.123Z",
            "downloadTm": "2018-08-02T08:49:23.123Z",
            "id": 1,
            "path": "string",
            "state": "string",
            "uid": "string"
        },
        {
            "createTm": "2018-08-02T08:49:23.123Z",
            "doneTm": "2018-08-02T08:49:23.123Z",
            "downloadTm": "2018-08-02T08:49:23.123Z",
            "id": 2,
            "path": "string",
            "state": "string",
            "uid": "string"
        },
        {
            "createTm": "2018-08-02T08:49:23.123Z",
            "doneTm": "2018-08-02T08:49:23.123Z",
            "downloadTm": "2018-08-02T08:49:23.123Z",
            "id": 3,
            "path": "string",
            "state": "string",
            "uid": "string"
        }
      ],
      "first": true,
      "last": true,
      "number": 0,
      "numberOfElements": 0,
      "pageable": {
        "offset": 0,
        "pageNumber": 0,
        "pageSize": 0,
        "paged": true,
        "sort": {
          "sorted": true,
          "unsorted": true
        },
        "unpaged": true
      },
      "size": 0,
      "sort": {
        "sorted": true,
        "unsorted": true
      },
      "totalElements": 0,
      "totalPages": 0
    }
  }